"BehaviorSpace results (NetLogo 6.4.0)","Table version 2.0"
"Ants.nlogo"
"Evaoration rate experiment"
"12/04/2024 14:12:22:463 -0500"
"min-pxcor","max-pxcor","min-pycor","max-pycor"
"-35","35","-35","35"
"[run number]","evaporation-rate","population","diffusion-rate","[step]","ticks"
"3","0","125","50","957","957"
"5","0","125","50","1012","1012"
"1","0","125","50","1178","1178"
"4","0","125","50","1217","1217"
"11","1","125","50","868","868"
"10","0","125","50","1202","1202"
"9","0","125","50","1148","1148"
"8","0","125","50","1063","1063"
"7","0","125","50","1636","1636"
"6","0","125","50","1193","1193"
"2","0","125","50","1412","1412"
"12","1","125","50","965","965"
"13","1","125","50","857","857"
"15","1","125","50","896","896"
"14","1","125","50","831","831"
"18","1","125","50","863","863"
"16","1","125","50","888","888"
"19","1","125","50","825","825"
"21","2","125","50","664","664"
"17","1","125","50","937","937"
"22","2","125","50","665","665"
"20","1","125","50","844","844"
"23","2","125","50","672","672"
"25","2","125","50","690","690"
"27","2","125","50","661","661"
"24","2","125","50","720","720"
"29","2","125","50","698","698"
"26","2","125","50","722","722"
"28","2","125","50","713","713"
"30","2","125","50","679","679"
"32","3","125","50","674","674"
"33","3","125","50","651","651"
"34","3","125","50","604","604"
"36","3","125","50","607","607"
"38","3","125","50","642","642"
"31","3","125","50","1031","1031"
"37","3","125","50","622","622"
"40","3","125","50","652","652"
"35","3","125","50","1056","1056"
"41","4","125","50","647","647"
"44","4","125","50","587","587"
"45","4","125","50","631","631"
"42","4","125","50","962","962"
"39","3","125","50","1023","1023"
"46","4","125","50","563","563"
"43","4","125","50","926","926"
"48","4","125","50","584","584"
"49","4","125","50","592","592"
"50","4","125","50","586","586"
"52","5","125","50","838","838"
"47","4","125","50","882","882"
"54","5","125","50","599","599"
"53","5","125","50","777","777"
"56","5","125","50","879","879"
"58","5","125","50","542","542"
"59","5","125","50","557","557"
"60","5","125","50","594","594"
"55","5","125","50","835","835"
"51","5","125","50","1148","1148"
"57","5","125","50","918","918"
"61","6","125","50","831","831"
"64","6","125","50","840","840"
"63","6","125","50","869","869"
"67","6","125","50","536","536"
"62","6","125","50","854","854"
"65","6","125","50","756","756"
"68","6","125","50","859","859"
"66","6","125","50","842","842"
"69","6","125","50","847","847"
"71","7","125","50","797","797"
"70","6","125","50","895","895"
"72","7","125","50","865","865"
"77","7","125","50","750","750"
"75","7","125","50","824","824"
"74","7","125","50","843","843"
"76","7","125","50","754","754"
"73","7","125","50","1038","1038"
"78","7","125","50","975","975"
"79","7","125","50","880","880"
"81","8","125","50","845","845"
"82","8","125","50","826","826"
"84","8","125","50","793","793"
"88","8","125","50","744","744"
"83","8","125","50","866","866"
"85","8","125","50","816","816"
"87","8","125","50","760","760"
"86","8","125","50","859","859"
"80","7","125","50","1182","1182"
"92","9","125","50","755","755"
"89","8","125","50","991","991"
"94","9","125","50","740","740"
"90","8","125","50","878","878"
"95","9","125","50","832","832"
"91","9","125","50","959","959"
"93","9","125","50","998","998"
"99","9","125","50","735","735"
"97","9","125","50","828","828"
"98","9","125","50","1006","1006"
"96","9","125","50","1040","1040"
"103","10","125","50","791","791"
"102","10","125","50","1005","1005"
"104","10","125","50","1005","1005"
"106","10","125","50","1020","1020"
"105","10","125","50","936","936"
"107","10","125","50","835","835"
"101","10","125","50","1295","1295"
"108","10","125","50","951","951"
"110","10","125","50","953","953"
"109","10","125","50","1235","1235"
"111","11","125","50","835","835"
"100","9","125","50","1754","1754"
"114","11","125","50","963","963"
"113","11","125","50","1003","1003"
"115","11","125","50","920","920"
"112","11","125","50","1383","1383"
"117","11","125","50","953","953"
"119","11","125","50","955","955"
"116","11","125","50","1080","1080"
"120","11","125","50","956","956"
"122","12","125","50","884","884"
"118","11","125","50","1256","1256"
"121","12","125","50","961","961"
"123","12","125","50","1068","1068"
"127","12","125","50","1063","1063"
"125","12","125","50","1200","1200"
"134","13","125","50","915","915"
"130","12","125","50","1456","1456"
"126","12","125","50","2183","2183"
"133","13","125","50","1120","1120"
"132","13","125","50","1264","1264"
"129","12","125","50","1774","1774"
"136","13","125","50","942","942"
"128","12","125","50","2154","2154"
"124","12","125","50","3285","3285"
"143","14","125","50","997","997"
"138","13","125","50","1696","1696"
"139","13","125","50","1858","1858"
"140","13","125","50","1717","1717"
"135","13","125","50","2843","2843"
"146","14","125","50","938","938"
"145","14","125","50","1198","1198"
"144","14","125","50","1678","1678"
"131","13","125","50","3282","3282"
"137","13","125","50","3233","3233"
"141","14","125","50","2807","2807"
"148","14","125","50","1609","1609"
"142","14","125","50","2762","2762"
"147","14","125","50","1511","1511"
"150","14","125","50","1310","1310"
"154","15","125","50","1448","1448"
"155","15","125","50","2181","2181"
"160","15","125","50","1338","1338"
"151","15","125","50","2593","2593"
"157","15","125","50","2263","2263"
"149","14","125","50","3106","3106"
"159","15","125","50","1719","1719"
"156","15","125","50","2498","2498"
"152","15","125","50","3188","3188"
"158","15","125","50","2753","2753"
"153","15","125","50","3002","3002"
"165","16","125","50","2641","2641"
"162","16","125","50","3375","3375"
"163","16","125","50","2862","2862"
"161","16","125","50","2801","2801"
"169","16","125","50","2288","2288"
"164","16","125","50","3280","3280"
"168","16","125","50","2935","2935"
"166","16","125","50","3206","3206"
"167","16","125","50","3197","3197"
"170","16","125","50","2648","2648"
"171","17","125","50","2741","2741"
"175","17","125","50","1365","1365"
"172","17","125","50","3396","3396"
"174","17","125","50","2351","2351"
"173","17","125","50","3577","3577"
"178","17","125","50","2409","2409"
"177","17","125","50","2942","2942"
"176","17","125","50","3039","3039"
"179","17","125","50","2998","2998"
"182","18","125","50","2505","2505"
"181","18","125","50","3028","3028"
"180","17","125","50","3519","3519"
"184","18","125","50","2972","2972"
"186","18","125","50","3022","3022"
"183","18","125","50","3070","3070"
"187","18","125","50","2782","2782"
"185","18","125","50","3201","3201"
"188","18","125","50","2768","2768"
"189","18","125","50","2773","2773"
"190","18","125","50","2766","2766"
"192","19","125","50","2877","2877"
"191","19","125","50","2870","2870"
"193","19","125","50","2385","2385"
"194","19","125","50","3141","3141"
"195","19","125","50","2519","2519"
"199","19","125","50","2680","2680"
"197","19","125","50","3100","3100"
"198","19","125","50","2946","2946"
"200","19","125","50","2438","2438"
"196","19","125","50","2905","2905"
"201","20","125","50","2578","2578"
"205","20","125","50","2907","2907"
"206","20","125","50","2795","2795"
"202","20","125","50","3026","3026"
"203","20","125","50","2778","2778"
"204","20","125","50","2958","2958"
"207","20","125","50","2756","2756"
"208","20","125","50","2800","2800"
"210","20","125","50","3104","3104"
"209","20","125","50","3373","3373"
"211","21","125","50","2837","2837"
"212","21","125","50","3057","3057"
"213","21","125","50","2992","2992"
"214","21","125","50","2868","2868"
"216","21","125","50","2907","2907"
"215","21","125","50","3152","3152"
"219","21","125","50","2690","2690"
"217","21","125","50","3139","3139"
"218","21","125","50","3072","3072"
"220","21","125","50","2412","2412"
"221","22","125","50","2695","2695"
"224","22","125","50","2819","2819"
"225","22","125","50","2788","2788"
"223","22","125","50","3134","3134"
"222","22","125","50","2908","2908"
"228","22","125","50","2838","2838"
"227","22","125","50","2919","2919"
"226","22","125","50","2868","2868"
"231","23","125","50","2670","2670"
"234","23","125","50","2415","2415"
"230","22","125","50","3151","3151"
"233","23","125","50","2850","2850"
"229","22","125","50","3085","3085"
"232","23","125","50","2673","2673"
"235","23","125","50","2498","2498"
"236","23","125","50","2796","2796"
"243","24","125","50","2291","2291"
"238","23","125","50","2655","2655"
"241","24","125","50","2733","2733"
"237","23","125","50","3049","3049"
"240","23","125","50","2800","2800"
"242","24","125","50","2941","2941"
"245","24","125","50","2769","2769"
"239","23","125","50","3312","3312"
"244","24","125","50","2916","2916"
"246","24","125","50","2611","2611"
"248","24","125","50","2862","2862"
"250","24","125","50","2725","2725"
"249","24","125","50","2636","2636"
"252","25","125","50","2808","2808"
"251","25","125","50","2853","2853"
"247","24","125","50","2948","2948"
"253","25","125","50","2868","2868"
"254","25","125","50","2971","2971"
"256","25","125","50","2802","2802"
"255","25","125","50","3001","3001"
"257","25","125","50","2964","2964"
"258","25","125","50","3098","3098"
"259","25","125","50","3000","3000"
"262","26","125","50","2601","2601"
"260","25","125","50","2943","2943"
"263","26","125","50","2500","2500"
"261","26","125","50","3080","3080"
"264","26","125","50","2992","2992"
"265","26","125","50","2870","2870"
"267","26","125","50","2253","2253"
"266","26","125","50","2577","2577"
"268","26","125","50","2491","2491"
"269","26","125","50","2827","2827"
"270","26","125","50","3058","3058"
"271","27","125","50","2610","2610"
"272","27","125","50","2932","2932"
"273","27","125","50","2492","2492"
"275","27","125","50","2370","2370"
"274","27","125","50","2949","2949"
"276","27","125","50","2839","2839"
"278","27","125","50","2332","2332"
"280","27","125","50","2446","2446"
"277","27","125","50","2746","2746"
"279","27","125","50","2665","2665"
"281","28","125","50","2725","2725"
"286","28","125","50","2428","2428"
"282","28","125","50","2987","2987"
"284","28","125","50","2538","2538"
"289","28","125","50","2943","2943"
"285","28","125","50","2807","2807"
"287","28","125","50","2930","2930"
"283","28","125","50","2737","2737"
"288","28","125","50","2768","2768"
"292","29","125","50","2602","2602"
"290","28","125","50","3365","3365"
"291","29","125","50","2853","2853"
"293","29","125","50","2721","2721"
"296","29","125","50","2621","2621"
"295","29","125","50","2334","2334"
"294","29","125","50","2640","2640"
"298","29","125","50","2401","2401"
"301","30","125","50","2483","2483"
"300","29","125","50","2305","2305"
"297","29","125","50","2364","2364"
"302","30","125","50","2397","2397"
"299","29","125","50","2965","2965"
"304","30","125","50","2297","2297"
"308","30","125","50","2298","2298"
"305","30","125","50","3135","3135"
"309","30","125","50","2822","2822"
"310","30","125","50","2413","2413"
"303","30","125","50","2789","2789"
"306","30","125","50","2911","2911"
"307","30","125","50","2548","2548"
"311","31","125","50","2361","2361"
"312","31","125","50","2459","2459"
"313","31","125","50","2277","2277"
"314","31","125","50","2622","2622"
"316","31","125","50","2596","2596"
"315","31","125","50","2702","2702"
"317","31","125","50","2914","2914"
"318","31","125","50","2670","2670"
"319","31","125","50","2638","2638"
"320","31","125","50","2665","2665"
"322","32","125","50","2578","2578"
"321","32","125","50","2900","2900"
"323","32","125","50","2558","2558"
"324","32","125","50","2076","2076"
"325","32","125","50","2433","2433"
"326","32","125","50","2298","2298"
"328","32","125","50","2357","2357"
"327","32","125","50","2673","2673"
"330","32","125","50","2173","2173"
"329","32","125","50","2788","2788"
"331","33","125","50","2373","2373"
"332","33","125","50","2514","2514"
"334","33","125","50","2295","2295"
"335","33","125","50","2217","2217"
"336","33","125","50","2521","2521"
"337","33","125","50","2768","2768"
"333","33","125","50","2770","2770"
"338","33","125","50","2476","2476"
"339","33","125","50","2420","2420"
"341","34","125","50","2487","2487"
"347","34","125","50","2209","2209"
"340","33","125","50","2529","2529"
"343","34","125","50","2456","2456"
"349","34","125","50","2287","2287"
"342","34","125","50","2453","2453"
"346","34","125","50","2380","2380"
"344","34","125","50","2791","2791"
"348","34","125","50","2361","2361"
"345","34","125","50","2701","2701"
"350","34","125","50","2058","2058"
"351","35","125","50","2422","2422"
"352","35","125","50","2885","2885"
"354","35","125","50","2334","2334"
"357","35","125","50","2179","2179"
"355","35","125","50","2713","2713"
"353","35","125","50","2736","2736"
"359","35","125","50","2616","2616"
"361","36","125","50","2138","2138"
"356","35","125","50","2569","2569"
"358","35","125","50","2584","2584"
"360","35","125","50","2477","2477"
"363","36","125","50","2314","2314"
"366","36","125","50","2092","2092"
"362","36","125","50","2302","2302"
"364","36","125","50","2301","2301"
"365","36","125","50","2332","2332"
"368","36","125","50","2458","2458"
"367","36","125","50","2445","2445"
"369","36","125","50","2396","2396"
"371","37","125","50","2457","2457"
"372","37","125","50","2373","2373"
"370","36","125","50","2559","2559"
"373","37","125","50","2164","2164"
"374","37","125","50","2238","2238"
"376","37","125","50","2204","2204"
"377","37","125","50","2076","2076"
"375","37","125","50","2213","2213"
"378","37","125","50","2283","2283"
"380","37","125","50","2069","2069"
"379","37","125","50","2475","2475"
"381","38","125","50","2437","2437"
"382","38","125","50","2590","2590"
"384","38","125","50","2267","2267"
"383","38","125","50","2535","2535"
"385","38","125","50","2579","2579"
"386","38","125","50","2212","2212"
"388","38","125","50","1830","1830"
"387","38","125","50","2146","2146"
"389","38","125","50","2041","2041"
"390","38","125","50","2349","2349"
"391","39","125","50","2443","2443"
"394","39","125","50","2237","2237"
"392","39","125","50","2347","2347"
"393","39","125","50","2561","2561"
"400","39","125","50","1969","1969"
"396","39","125","50","2275","2275"
"397","39","125","50","2278","2278"
"399","39","125","50","2286","2286"
"398","39","125","50","2157","2157"
"395","39","125","50","2522","2522"
"401","40","125","50","1877","1877"
"403","40","125","50","2228","2228"
"402","40","125","50","2431","2431"
"404","40","125","50","2318","2318"
"406","40","125","50","2094","2094"
"409","40","125","50","1994","1994"
"407","40","125","50","2475","2475"
"408","40","125","50","2264","2264"
"412","41","125","50","1926","1926"
"405","40","125","50","2526","2526"
"410","40","125","50","2257","2257"
"411","41","125","50","2093","2093"
"413","41","125","50","1955","1955"
"415","41","125","50","1784","1784"
"414","41","125","50","2218","2218"
"418","41","125","50","2288","2288"
"417","41","125","50","2056","2056"
"419","41","125","50","1993","1993"
"420","41","125","50","2022","2022"
"422","42","125","50","1939","1939"
"416","41","125","50","3016","3016"
"423","42","125","50","1864","1864"
"421","42","125","50","2437","2437"
"424","42","125","50","2401","2401"
"427","42","125","50","2020","2020"
"426","42","125","50","2411","2411"
"429","42","125","50","2265","2265"
"428","42","125","50","2406","2406"
"432","43","125","50","1750","1750"
"430","42","125","50","2131","2131"
"435","43","125","50","2198","2198"
"425","42","125","50","2576","2576"
"434","43","125","50","1959","1959"
"431","43","125","50","2278","2278"
"433","43","125","50","1988","1988"
"436","43","125","50","2143","2143"
"441","44","125","50","1726","1726"
"439","43","125","50","2047","2047"
"438","43","125","50","2307","2307"
"440","43","125","50","2116","2116"
"437","43","125","50","2395","2395"
"443","44","125","50","1967","1967"
"442","44","125","50","2579","2579"
"444","44","125","50","2173","2173"
"445","44","125","50","2169","2169"
"447","44","125","50","2345","2345"
"446","44","125","50","2284","2284"
"448","44","125","50","1891","1891"
"449","44","125","50","2144","2144"
"454","45","125","50","2473","2473"
"451","45","125","50","2055","2055"
"450","44","125","50","2187","2187"
"452","45","125","50","2075","2075"
"455","45","125","50","1773","1773"
"457","45","125","50","2075","2075"
"456","45","125","50","2055","2055"
"453","45","125","50","2272","2272"
"458","45","125","50","1937","1937"
"459","45","125","50","2168","2168"
"461","46","125","50","2139","2139"
"460","45","125","50","1792","1792"
"462","46","125","50","1861","1861"
"463","46","125","50","1973","1973"
"464","46","125","50","1935","1935"
"466","46","125","50","2267","2267"
"465","46","125","50","2050","2050"
"467","46","125","50","2334","2334"
"468","46","125","50","2267","2267"
"471","47","125","50","2205","2205"
"472","47","125","50","1839","1839"
"473","47","125","50","1992","1992"
"476","47","125","50","2000","2000"
"470","46","125","50","2268","2268"
"469","46","125","50","1990","1990"
"474","47","125","50","2124","2124"
"475","47","125","50","2114","2114"
"477","47","125","50","2017","2017"
"478","47","125","50","1920","1920"
"480","47","125","50","2614","2614"
"481","48","125","50","1886","1886"
"479","47","125","50","2126","2126"
"482","48","125","50","1781","1781"
"486","48","125","50","1588","1588"
"483","48","125","50","2245","2245"
"484","48","125","50","2066","2066"
"485","48","125","50","1722","1722"
"488","48","125","50","1673","1673"
"487","48","125","50","2103","2103"
"489","48","125","50","1878","1878"
"490","48","125","50","1843","1843"
"495","49","125","50","1856","1856"
"491","49","125","50","1917","1917"
"494","49","125","50","1857","1857"
"492","49","125","50","1983","1983"
"493","49","125","50","2224","2224"
"498","49","125","50","1899","1899"
"501","50","125","50","1653","1653"
"496","49","125","50","2284","2284"
"497","49","125","50","1975","1975"
"502","50","125","50","1767","1767"
"499","49","125","50","2242","2242"
"503","50","125","50","1539","1539"
"500","49","125","50","2225","2225"
"504","50","125","50","2179","2179"
"506","50","125","50","1917","1917"
"505","50","125","50","2004","2004"
"508","50","125","50","2004","2004"
"511","51","125","50","1562","1562"
"507","50","125","50","2047","2047"
"513","51","125","50","1706","1706"
"509","50","125","50","2233","2233"
"512","51","125","50","2124","2124"
"510","50","125","50","2241","2241"
"514","51","125","50","2056","2056"
"515","51","125","50","2074","2074"
"518","51","125","50","2139","2139"
"516","51","125","50","2158","2158"
"517","51","125","50","1770","1770"
"519","51","125","50","2217","2217"
"520","51","125","50","1912","1912"
"521","52","125","50","1841","1841"
"522","52","125","50","2023","2023"
"523","52","125","50","2094","2094"
"526","52","125","50","1640","1640"
"524","52","125","50","2026","2026"
"527","52","125","50","2128","2128"
"528","52","125","50","2049","2049"
"525","52","125","50","2099","2099"
"529","52","125","50","1948","1948"
"531","53","125","50","1855","1855"
"530","52","125","50","2348","2348"
"532","53","125","50","1954","1954"
"533","53","125","50","2004","2004"
"535","53","125","50","1711","1711"
"534","53","125","50","1907","1907"
"537","53","125","50","2034","2034"
"538","53","125","50","1804","1804"
"536","53","125","50","1860","1860"
"539","53","125","50","2066","2066"
"542","54","125","50","2003","2003"
"541","54","125","50","1943","1943"
"540","53","125","50","2015","2015"
"543","54","125","50","1945","1945"
"544","54","125","50","1790","1790"
"546","54","125","50","1726","1726"
"545","54","125","50","2090","2090"
"548","54","125","50","1602","1602"
"547","54","125","50","2170","2170"
"551","55","125","50","2006","2006"
"550","54","125","50","1901","1901"
"553","55","125","50","1499","1499"
"549","54","125","50","1824","1824"
"552","55","125","50","2119","2119"
"554","55","125","50","1945","1945"
"555","55","125","50","1990","1990"
"559","55","125","50","1900","1900"
"557","55","125","50","1670","1670"
"558","55","125","50","1836","1836"
"556","55","125","50","2296","2296"
"560","55","125","50","2176","2176"
"561","56","125","50","1731","1731"
"565","56","125","50","1459","1459"
"562","56","125","50","1949","1949"
"567","56","125","50","1917","1917"
"563","56","125","50","1949","1949"
"566","56","125","50","1894","1894"
"568","56","125","50","1768","1768"
"564","56","125","50","2027","2027"
"571","57","125","50","1679","1679"
"569","56","125","50","1807","1807"
"572","57","125","50","1839","1839"
"570","56","125","50","1990","1990"
"575","57","125","50","1834","1834"
"573","57","125","50","2131","2131"
"577","57","125","50","1826","1826"
"579","57","125","50","1806","1806"
"580","57","125","50","1872","1872"
"578","57","125","50","2180","2180"
"574","57","125","50","2119","2119"
"576","57","125","50","1791","1791"
"581","58","125","50","1699","1699"
"582","58","125","50","1934","1934"
"584","58","125","50","1776","1776"
"583","58","125","50","1895","1895"
"585","58","125","50","1697","1697"
"588","58","125","50","1642","1642"
"587","58","125","50","1634","1634"
"594","59","125","50","1750","1750"
"589","58","125","50","1994","1994"
"586","58","125","50","2205","2205"
"593","59","125","50","1892","1892"
"592","59","125","50","1861","1861"
"597","59","125","50","1655","1655"
"595","59","125","50","1795","1795"
"590","58","125","50","1853","1853"
"591","59","125","50","1846","1846"
"599","59","125","50","1710","1710"
"596","59","125","50","1712","1712"
"598","59","125","50","1617","1617"
"600","59","125","50","1651","1651"
"604","60","125","50","1820","1820"
"602","60","125","50","1933","1933"
"601","60","125","50","1627","1627"
"603","60","125","50","1949","1949"
"608","60","125","50","1951","1951"
"605","60","125","50","1801","1801"
"610","60","125","50","1507","1507"
"606","60","125","50","1881","1881"
"609","60","125","50","1990","1990"
"612","61","125","50","1804","1804"
"607","60","125","50","2051","2051"
"611","61","125","50","1893","1893"
"614","61","125","50","1645","1645"
"613","61","125","50","1988","1988"
"616","61","125","50","1847","1847"
"615","61","125","50","1512","1512"
"617","61","125","50","1662","1662"
"621","62","125","50","1658","1658"
"618","61","125","50","1781","1781"
"620","61","125","50","1683","1683"
"619","61","125","50","1830","1830"
"623","62","125","50","1735","1735"
"624","62","125","50","1747","1747"
"625","62","125","50","1978","1978"
"626","62","125","50","1940","1940"
"622","62","125","50","1975","1975"
"627","62","125","50","1976","1976"
"629","62","125","50","1529","1529"
"628","62","125","50","1768","1768"
"630","62","125","50","1620","1620"
"631","63","125","50","1685","1685"
"636","63","125","50","1768","1768"
"632","63","125","50","1782","1782"
"633","63","125","50","1814","1814"
"634","63","125","50","1818","1818"
"635","63","125","50","1758","1758"
"639","63","125","50","1846","1846"
"637","63","125","50","1598","1598"
"640","63","125","50","1462","1462"
"642","64","125","50","1724","1724"
"641","64","125","50","1775","1775"
"638","63","125","50","2122","2122"
"643","64","125","50","1885","1885"
"645","64","125","50","1374","1374"
"646","64","125","50","1675","1675"
"648","64","125","50","1594","1594"
"644","64","125","50","1797","1797"
"647","64","125","50","1760","1760"
"650","64","125","50","1606","1606"
"649","64","125","50","1599","1599"
"654","65","125","50","1837","1837"
"655","65","125","50","1660","1660"
"657","65","125","50","1793","1793"
"653","65","125","50","1886","1886"
"652","65","125","50","1831","1831"
"651","65","125","50","2049","2049"
"659","65","125","50","1674","1674"
"656","65","125","50","1892","1892"
"658","65","125","50","1760","1760"
"662","66","125","50","1871","1871"
"660","65","125","50","2165","2165"
"663","66","125","50","1641","1641"
"665","66","125","50","1666","1666"
"661","66","125","50","1779","1779"
"666","66","125","50","1669","1669"
"664","66","125","50","2096","2096"
"667","66","125","50","1807","1807"
"668","66","125","50","1636","1636"
"671","67","125","50","1544","1544"
"669","66","125","50","1922","1922"
"670","66","125","50","1598","1598"
"673","67","125","50","1474","1474"
"677","67","125","50","1668","1668"
"674","67","125","50","1818","1818"
"676","67","125","50","1532","1532"
"672","67","125","50","1830","1830"
"675","67","125","50","1771","1771"
"678","67","125","50","1786","1786"
"680","67","125","50","1484","1484"
"681","68","125","50","1516","1516"
"679","67","125","50","1645","1645"
"682","68","125","50","1709","1709"
"683","68","125","50","1581","1581"
"684","68","125","50","1609","1609"
"686","68","125","50","1352","1352"
"685","68","125","50","1814","1814"
"687","68","125","50","1653","1653"
"690","68","125","50","1774","1774"
"688","68","125","50","1695","1695"
"689","68","125","50","1772","1772"
"691","69","125","50","1502","1502"
"695","69","125","50","1197","1197"
"692","69","125","50","1757","1757"
"693","69","125","50","1772","1772"
"694","69","125","50","1675","1675"
"696","69","125","50","1592","1592"
"697","69","125","50","1505","1505"
"699","69","125","50","1850","1850"
"701","70","125","50","1760","1760"
"698","69","125","50","1649","1649"
"700","69","125","50","1649","1649"
"703","70","125","50","1614","1614"
"702","70","125","50","1749","1749"
"704","70","125","50","1681","1681"
"705","70","125","50","1496","1496"
"708","70","125","50","1353","1353"
"706","70","125","50","1867","1867"
"710","70","125","50","1483","1483"
"709","70","125","50","1775","1775"
"707","70","125","50","1747","1747"
"714","71","125","50","1546","1546"
"711","71","125","50","1555","1555"
"712","71","125","50","1640","1640"
"713","71","125","50","2104","2104"
"716","71","125","50","1569","1569"
"715","71","125","50","1660","1660"
"718","71","125","50","1488","1488"
"720","71","125","50","1643","1643"
"717","71","125","50","1629","1629"
"725","72","125","50","1470","1470"
"722","72","125","50","1640","1640"
"721","72","125","50","1664","1664"
"719","71","125","50","1936","1936"
"723","72","125","50","1491","1491"
"727","72","125","50","1508","1508"
"724","72","125","50","1641","1641"
"729","72","125","50","1477","1477"
"726","72","125","50","2071","2071"
"731","73","125","50","1534","1534"
"728","72","125","50","1641","1641"
"730","72","125","50","1428","1428"
"733","73","125","50","1456","1456"
"734","73","125","50","1584","1584"
"732","73","125","50","1673","1673"
"736","73","125","50","1604","1604"
"738","73","125","50","1388","1388"
"735","73","125","50","1662","1662"
"740","73","125","50","1627","1627"
"737","73","125","50","1602","1602"
"741","74","125","50","1399","1399"
"739","73","125","50","1409","1409"
"747","74","125","50","1523","1523"
"742","74","125","50","1573","1573"
"744","74","125","50","1744","1744"
"743","74","125","50","1703","1703"
"748","74","125","50","1447","1447"
"745","74","125","50","1835","1835"
"746","74","125","50","1910","1910"
"749","74","125","50","1795","1795"
"753","75","125","50","1327","1327"
"751","75","125","50","1369","1369"
"750","74","125","50","1606","1606"
"752","75","125","50","1601","1601"
"755","75","125","50","1494","1494"
"756","75","125","50","1386","1386"
"758","75","125","50","1623","1623"
"754","75","125","50","1514","1514"
"757","75","125","50","1427","1427"
"759","75","125","50","1624","1624"
"760","75","125","50","1562","1562"
"761","76","125","50","1566","1566"
"762","76","125","50","1532","1532"
"764","76","125","50","1535","1535"
"763","76","125","50","1569","1569"
"767","76","125","50","1309","1309"
"769","76","125","50","1258","1258"
"765","76","125","50","1792","1792"
"771","77","125","50","1438","1438"
"768","76","125","50","1587","1587"
"766","76","125","50","1613","1613"
"772","77","125","50","1553","1553"
"770","76","125","50","1507","1507"
"773","77","125","50","1505","1505"
"774","77","125","50","1611","1611"
"779","77","125","50","1364","1364"
"775","77","125","50","1410","1410"
"776","77","125","50","1591","1591"
"777","77","125","50","1358","1358"
"782","78","125","50","1484","1484"
"778","77","125","50","1688","1688"
"783","78","125","50","1472","1472"
"780","77","125","50","1664","1664"
"781","78","125","50","1723","1723"
"784","78","125","50","1382","1382"
"785","78","125","50","1369","1369"
"786","78","125","50","1710","1710"
"790","78","125","50","1630","1630"
"788","78","125","50","1576","1576"
"789","78","125","50","1498","1498"
"787","78","125","50","1438","1438"
"793","79","125","50","1260","1260"
"792","79","125","50","1539","1539"
"791","79","125","50","1793","1793"
"794","79","125","50","1471","1471"
"795","79","125","50","1682","1682"
"797","79","125","50","1549","1549"
"796","79","125","50","1354","1354"
"798","79","125","50","1776","1776"
"800","79","125","50","1492","1492"
"799","79","125","50","1672","1672"
"801","80","125","50","1439","1439"
"802","80","125","50","1478","1478"
"804","80","125","50","1354","1354"
"803","80","125","50","1514","1514"
"805","80","125","50","1421","1421"
"807","80","125","50","1485","1485"
"809","80","125","50","1397","1397"
"806","80","125","50","1682","1682"
"808","80","125","50","1504","1504"
"811","81","125","50","1307","1307"
"813","81","125","50","1334","1334"
"810","80","125","50","1415","1415"
"814","81","125","50","1328","1328"
"816","81","125","50","1264","1264"
"812","81","125","50","1629","1629"
"815","81","125","50","1679","1679"
"818","81","125","50","1454","1454"
"817","81","125","50","1652","1652"
"819","81","125","50","1575","1575"
"820","81","125","50","1365","1365"
"822","82","125","50","1229","1229"
"821","82","125","50","1545","1545"
"823","82","125","50","1369","1369"
"824","82","125","50","1464","1464"
"825","82","125","50","1508","1508"
"828","82","125","50","1615","1615"
"826","82","125","50","1487","1487"
"829","82","125","50","1647","1647"
"827","82","125","50","1655","1655"
"832","83","125","50","1297","1297"
"833","83","125","50","1330","1330"
"831","83","125","50","1381","1381"
"830","82","125","50","1525","1525"
"834","83","125","50","1401","1401"
"835","83","125","50","1510","1510"
"837","83","125","50","1234","1234"
"836","83","125","50","1187","1187"
"839","83","125","50","1496","1496"
"840","83","125","50","1470","1470"
"838","83","125","50","1484","1484"
"843","84","125","50","1179","1179"
"844","84","125","50","1291","1291"
"842","84","125","50","1481","1481"
"841","84","125","50","1567","1567"
"845","84","125","50","1307","1307"
"847","84","125","50","1259","1259"
"846","84","125","50","1550","1550"
"848","84","125","50","1308","1308"
"849","84","125","50","1244","1244"
"850","84","125","50","1220","1220"
"853","85","125","50","1143","1143"
"852","85","125","50","1198","1198"
"854","85","125","50","1167","1167"
"851","85","125","50","1417","1417"
"857","85","125","50","1229","1229"
"855","85","125","50","1141","1141"
"856","85","125","50","1175","1175"
"858","85","125","50","1440","1440"
"860","85","125","50","1359","1359"
"859","85","125","50","1585","1585"
"862","86","125","50","1186","1186"
"866","86","125","50","1159","1159"
"861","86","125","50","1273","1273"
"863","86","125","50","1361","1361"
"867","86","125","50","1401","1401"
"864","86","125","50","1584","1584"
"868","86","125","50","1401","1401"
"870","86","125","50","1180","1180"
"865","86","125","50","1567","1567"
"869","86","125","50","1284","1284"
"871","87","125","50","1198","1198"
"872","87","125","50","1256","1256"
"873","87","125","50","1283","1283"
"874","87","125","50","1391","1391"
"877","87","125","50","1309","1309"
"876","87","125","50","1374","1374"
"879","87","125","50","1475","1475"
"875","87","125","50","1648","1648"
"878","87","125","50","1348","1348"
"881","88","125","50","1418","1418"
"884","88","125","50","1252","1252"
"880","87","125","50","1466","1466"
"882","88","125","50","1406","1406"
"883","88","125","50","1412","1412"
"887","88","125","50","1195","1195"
"885","88","125","50","1417","1417"
"886","88","125","50","1310","1310"
"888","88","125","50","1394","1394"
"889","88","125","50","1262","1262"
"890","88","125","50","1273","1273"
"891","89","125","50","1409","1409"
"892","89","125","50","1425","1425"
"895","89","125","50","1466","1466"
"899","89","125","50","1165","1165"
"894","89","125","50","1531","1531"
"893","89","125","50","1518","1518"
"897","89","125","50","1221","1221"
"896","89","125","50","1506","1506"
"898","89","125","50","1489","1489"
"903","90","125","50","1333","1333"
"900","89","125","50","1324","1324"
"901","90","125","50","1281","1281"
"902","90","125","50","1439","1439"
"905","90","125","50","1308","1308"
"904","90","125","50","1267","1267"
"908","90","125","50","1278","1278"
"906","90","125","50","1451","1451"
"913","91","125","50","1089","1089"
"909","90","125","50","1442","1442"
"911","91","125","50","1453","1453"
"912","91","125","50","1124","1124"
"907","90","125","50","1499","1499"
"910","90","125","50","1453","1453"
"914","91","125","50","1337","1337"
"915","91","125","50","1163","1163"
"916","91","125","50","1109","1109"
"921","92","125","50","1080","1080"
"918","91","125","50","1263","1263"
"920","91","125","50","1169","1169"
"924","92","125","50","1171","1171"
"922","92","125","50","1151","1151"
"919","91","125","50","1275","1275"
"926","92","125","50","1267","1267"
"923","92","125","50","1250","1250"
"917","91","125","50","1750","1750"
"925","92","125","50","1422","1422"
"927","92","125","50","1259","1259"
"928","92","125","50","1268","1268"
"930","92","125","50","1109","1109"
"929","92","125","50","1150","1150"
"931","93","125","50","1318","1318"
"936","93","125","50","1019","1019"
"932","93","125","50","1381","1381"
"934","93","125","50","1426","1426"
"935","93","125","50","1200","1200"
"933","93","125","50","1569","1569"
"939","93","125","50","1072","1072"
"937","93","125","50","1404","1404"
"940","93","125","50","1040","1040"
"938","93","125","50","1623","1623"
"941","94","125","50","1163","1163"
"945","94","125","50","1031","1031"
"942","94","125","50","1262","1262"
"943","94","125","50","1102","1102"
"944","94","125","50","1151","1151"
"948","94","125","50","1209","1209"
"946","94","125","50","1126","1126"
"947","94","125","50","1264","1264"
"949","94","125","50","1292","1292"
"950","94","125","50","1137","1137"
"953","95","125","50","1054","1054"
"952","95","125","50","1005","1005"
"951","95","125","50","1305","1305"
"954","95","125","50","1280","1280"
"957","95","125","50","1117","1117"
"956","95","125","50","1228","1228"
"955","95","125","50","1257","1257"
"958","95","125","50","1288","1288"
"961","96","125","50","1324","1324"
"960","95","125","50","1352","1352"
"962","96","125","50","1226","1226"
"959","95","125","50","1333","1333"
"963","96","125","50","1018","1018"
"964","96","125","50","1256","1256"
"966","96","125","50","1064","1064"
"965","96","125","50","1371","1371"
"967","96","125","50","1164","1164"
"971","97","125","50","943","943"
"968","96","125","50","1218","1218"
"970","96","125","50","1108","1108"
"972","97","125","50","1195","1195"
"973","97","125","50","1126","1126"
"974","97","125","50","1211","1211"
"969","96","125","50","1264","1264"
"976","97","125","50","1331","1331"
"977","97","125","50","956","956"
"975","97","125","50","1361","1361"
"978","97","125","50","1029","1029"
"982","98","125","50","1229","1229"
"979","97","125","50","1418","1418"
"981","98","125","50","1386","1386"
"980","97","125","50","1372","1372"
"983","98","125","50","1268","1268"
"984","98","125","50","1189","1189"
"985","98","125","50","1135","1135"
"988","98","125","50","1040","1040"
"986","98","125","50","1587","1587"
"987","98","125","50","1277","1277"
"989","98","125","50","1093","1093"
"991","99","125","50","1110","1110"
"990","98","125","50","1484","1484"
"992","99","125","50","1218","1218"
"993","99","125","50","1311","1311"
"996","99","125","50","1132","1132"
"995","99","125","50","1196","1196"
"998","99","125","50","1100","1100"
"999","99","125","50","1138","1138"
"997","99","125","50","1238","1238"
"1000","99","125","50","1113","1113"
"994","99","125","50","1532","1532"
"1002","100","125","50","1101","1101"
"1001","100","125","50","1385","1385"
"1004","100","125","50","1059","1059"
"1007","100","125","50","1214","1214"
"1003","100","125","50","1437","1437"
"1005","100","125","50","1196","1196"
"1008","100","125","50","1088","1088"
"1010","100","125","50","1157","1157"
"1006","100","125","50","1499","1499"
"1009","100","125","50","1396","1396"
